Model,Average Inference Time (ms),Accuracy
yolov5nu,53.68846666884854,43.373493975903614
yolov8n,47.93856177531497,71.08433734939759
yolov8s,113.8356811323876,48.19277108433735
yolov9t,82.34934068061936,34.93975903614458
yolo11n,58.18447692533374,59.63855421686747
yolo11s,114.80719270840495,84.93975903614458
