Model,Average Inference Time Per Frame (ms)
yolov5nu,54.76919976703493
yolov5su,97.25213551021122
yolov5xu,630.0641412223691
yolov8n,44.3734955954385
yolov9t,91.5027653976476
yolo11n,49.569800183489605
yolo11s,86.08569076289108
